OBSNO,DATE,HOUR,TERRID,n,TEMP,WIND,SEXP,PANT,INC,OFF,DATETIME,DLGT,DAYn
1,04.06.16,9,AS65,15,7.921466667,2.077333333,20,0,11,4,04.06.16 08:47,5.058055556,156
2,04.06.16,9,AS65,15,8.395733333,2.612,30,0,14,1,04.06.16 09:02,5.308055556,156
3,04.06.16,9,AS65,15,8.2248,2.971333333,20,0,10,5,04.06.16 09:17,5.558055556,156
4,04.06.16,10,AS65,15,8.3808,2.970666667,30,0,14,1,04.06.16 09:32,5.808055556,156
5,04.06.16,12,AS65,15,9.1666,3.404,30,15,15,0,04.06.16 12:15,8.524722222,156
6,04.06.16,13,AS65,15,9.433266667,3.328,30,8,9,6,04.06.16 12:30,8.774722222,156
7,04.06.16,13,AS65,15,9.4384,3.022,30,0,13,2,04.06.16 12:45,9.024722222,156
8,04.06.16,13,AS65,15,9.431666667,3.072666667,30,0,13,2,04.06.16 13:00,9.274722222,156
9,04.06.16,13,AS65,15,9.517333333,3.124,30,0,15,0,04.06.16 13:15,9.524722222,156
10,04.06.16,14,AS65,15,9.416866667,3.455333333,30,0,15,0,04.06.16 13:30,9.774722222,156
11,04.06.16,20,AS65,15,8.853,2.842,30,0,14,1,04.06.16 19:41,15.95805556,156
12,04.06.16,20,AS65,15,8.745466667,2.816,30,0,8,7,04.06.16 19:56,16.20805556,156
14,05.06.16,6,AS65,15,8.639533333,2.434666667,0,0,15,0,05.06.16 06:23,2.684444444,157
15,05.06.16,7,AS65,15,8.781866667,2.23,0,0,12,3,05.06.16 06:38,2.934444444,157
16,05.06.16,8,AS71,15,8.819933333,2.306,0,0,15,0,05.06.16 07:30,3.801111111,157
17,05.06.16,8,AS71,15,9.323133333,2.28,0,0,15,0,05.06.16 07:45,4.051111111,157
18,05.06.16,7,AS65,15,8.742266667,2.204,30,0,15,0,05.06.16 07:15,3.551111111,157
19,05.06.16,8,AS65,15,8.819933333,2.306,30,0,14,1,05.06.16 07:30,3.801111111,157
20,05.06.16,8,AS65,15,9.323133333,2.28,30,0,15,0,05.06.16 07:45,4.051111111,157
21,05.06.16,9,AS65,15,10.4002,2.026666667,30,0,15,0,05.06.16 08:31,4.817777778,157
22,05.06.16,9,AS65,15,10.2386,2.356,28,0,15,0,05.06.16 08:46,5.067777778,157
23,05.06.16,9,AS65,15,10.3854,2.204,0,0,15,0,05.06.16 09:01,5.317777778,157
25,07.06.16,9,AS62,15,7.666133333,2.026666667,0,0,15,0,07.06.16 08:56,5.282777778,159
26,07.06.16,9,AS62,15,7.771666667,2.001333333,0,0,15,0,07.06.16 09:11,5.532777778,159
27,07.06.16,9,AS62,15,7.765,1.950666667,0,0,15,0,07.06.16 09:26,5.782777778,159
28,07.06.16,10,AS62,15,7.716533333,1.849333333,0,0,15,0,07.06.16 09:41,6.032777778,159
29,07.06.16,10,AS62,15,7.986666667,2.128,0,0,15,0,07.06.16 09:56,6.282777778,159
30,07.06.16,10,AS62,15,8.301133333,2.484,0,0,15,0,07.06.16 10:11,6.532777778,159
31,07.06.16,10,AS62,15,8.5334,2.586,16,0,11,4,07.06.16 10:26,6.782777778,159
32,07.06.16,10,AS74,15,7.7182,1.849333333,0,0,15,0,07.06.16 09:40,6.016111111,159
33,07.06.16,10,AS74,15,7.965,2.153333333,0,0,15,0,07.06.16 09:55,6.266111111,159
34,07.06.16,10,AS74,15,8.2878,2.433333333,5,0,15,0,07.06.16 10:10,6.516111111,159
35,07.06.16,10,AS74,15,8.5102,2.56,15,0,13,2,07.06.16 10:25,6.766111111,159
36,07.06.16,12,AS75,15,9.737266667,2.92,15,0,15,0,07.06.16 12:15,8.599444444,159
37,07.06.16,13,AS75,15,9.825866667,2.460666667,15,0,15,0,07.06.16 12:30,8.849444444,159
38,07.06.16,13,AS75,15,9.691466667,2.612666667,15,0,15,0,07.06.16 12:45,9.099444444,159
39,07.06.16,13,AS75,15,9.505733333,2.586,15,0,15,0,07.06.16 13:00,9.349444444,159
40,07.06.16,13,AS75,15,9.645333333,2.330666667,15,0,15,0,07.06.16 13:15,9.599444444,159
41,07.06.16,15,AS75,15,10.53526667,1.849333333,0,0,15,0,07.06.16 14:30,10.84944444,159
42,07.06.16,15,AS75,15,10.43586667,1.444,0,0,15,0,07.06.16 14:45,11.09944444,159
43,07.06.16,15,AS75,15,9.7768,1.013333333,0,0,15,0,07.06.16 15:00,11.34944444,159
44,07.06.16,12,AS59,15,9.948733333,2.868,30,0,12,3,07.06.16 12:02,8.382777778,159
45,07.06.16,12,AS59,15,9.647066667,2.92,16,1,8,7,07.06.16 12:17,8.632777778,159
46,07.06.16,13,AS59,15,9.858733333,2.383333333,15,0,10,5,07.06.16 12:32,8.882777778,159
47,07.06.16,13,AS59,15,9.6832,2.612666667,15,0,15,0,07.06.16 12:47,9.132777778,159
48,07.06.16,13,AS59,15,9.502466667,2.586,15,0,15,0,07.06.16 13:02,9.382777778,159
49,07.06.16,13,AS59,15,9.686333333,2.305333333,15,0,8,7,07.06.16 13:17,9.632777778,159
50,07.06.16,14,AS59,15,10.47153333,2.282,8,0,15,0,07.06.16 13:32,9.882777778,159
51,07.06.16,15,AS59,15,10.3052,1.342666667,0,0,15,0,07.06.16 14:47,11.13277778,159
52,07.06.16,16,AS62,15,10.61046667,2.229333333,0,0,10,5,07.06.16 16:03,12.39944444,159
53,07.06.16,16,AS62,15,11.0136,2.486,0,0,15,0,07.06.16 16:18,12.64944444,159
54,07.06.16,17,AS62,15,10.88426667,2.254666667,0,0,15,0,07.06.16 16:33,12.89944444,159
55,07.06.16,12,AS50,15,9.881533333,2.816,23,0,15,0,07.06.16 12:00,8.349444444,159
56,07.06.16,12,AS50,15,9.737266667,2.92,15,0,14,1,07.06.16 12:15,8.599444444,159
57,07.06.16,13,AS50,15,9.825866667,2.460666667,15,0,15,0,07.06.16 12:30,8.849444444,159
58,07.06.16,13,AS50,15,9.691466667,2.612666667,15,0,15,0,07.06.16 12:45,9.099444444,159
59,07.06.16,12,AS60,15,9.737266667,2.92,15,0,15,0,07.06.16 12:15,8.599444444,159
60,07.06.16,13,AS60,15,9.825866667,2.460666667,15,0,15,0,07.06.16 12:30,8.849444444,159
62,07.06.16,13,AS60,15,9.691466667,2.612666667,15,0,15,0,07.06.16 12:45,9.099444444,159
63,07.06.16,13,AS60,15,9.505733333,2.586,15,0,15,0,07.06.16 13:00,9.349444444,159
64,07.06.16,15,AS60,15,9.7768,1.013333333,0,0,15,0,07.06.16 15:00,11.34944444,159
69,24.06.16,17,AS63,15,14.30193333,0.810666667,16,0,15,0,24.06.16 16:45,13.21638889,176
70,05.06.16,7,AS50,15,8.742266667,2.204,30,0,15,0,05.06.16 07:15,3.551111111,157
71,05.06.16,8,AS50,15,8.819933333,2.306,30,0,15,0,05.06.16 07:30,3.801111111,157
72,14.06.16,7,AS52,15,10.25653333,3.504666667,0,0,15,0,14.06.16 06:40,3.132222222,166
73,14.06.16,7,AS52,15,10.33173333,3.556666667,0,0,15,0,14.06.16 06:55,3.382222222,166
74,14.06.16,6,AS53,15,9.9688,3.354,0,0,15,0,14.06.16 06:10,2.632222222,166
75,14.06.16,6,AS53,15,10.07846667,3.354,0,0,15,0,14.06.16 06:25,2.882222222,166
77,14.06.16,7,AS53,15,10.33173333,3.556666667,0,0,12,3,14.06.16 06:55,3.382222222,166
78,14.06.16,7,AS54,15,10.04566667,4.164666667,0,0,15,0,14.06.16 07:19,3.782222222,166
79,14.06.16,8,AS54,15,10.03246667,4.164666667,0,0,15,0,14.06.16 07:34,4.032222222,166
80,14.06.16,8,AS54,15,10.1716,3.936666667,0,0,15,0,14.06.16 07:49,4.282222222,166
81,14.06.16,8,AS54,15,10.2582,3.835333333,0,0,15,0,14.06.16 08:04,4.532222222,166
82,14.06.16,7,AS56,15,10.0506,4.19,0,0,15,0,14.06.16 07:18,3.765555556,166
83,14.06.16,8,AS56,15,10.0308,4.164666667,0,0,15,0,14.06.16 07:33,4.015555556,166
84,14.06.16,8,AS56,15,10.16013333,3.962,0,0,15,0,14.06.16 07:48,4.265555556,166
85,14.06.16,8,AS56,15,10.25006667,3.759333333,0,0,15,0,14.06.16 08:03,4.515555556,166
86,05.06.16,7,AS59,15,8.742266667,2.204,30,0,12,3,05.06.16 07:15,3.551111111,157
87,05.06.16,8,AS59,15,8.819933333,2.306,30,0,15,0,05.06.16 07:30,3.801111111,157
88,05.06.16,7,AS60,15,8.449,3.328666667,30,0,15,0,05.06.16 07:15,3.551111111,157
89,05.06.16,8,AS60,15,8.6692,2.638,30,0,15,0,05.06.16 07:30,3.801111111,157
90,05.06.16,8,AS62,15,9.857133333,2.254666667,30,0,13,2,05.06.16 08:04,4.367777778,157
91,05.06.16,8,AS62,15,10.19606667,2.153333333,30,0,15,0,05.06.16 08:19,4.617777778,157
93,05.06.16,8,AS63,15,10.19606667,2.153333333,30,0,15,0,05.06.16 08:19,4.617777778,157
94,14.06.16,6,AS67,15,9.9688,3.354,0,0,15,0,14.06.16 06:10,2.632222222,166
95,14.06.16,6,AS67,15,10.07846667,3.354,0,0,15,0,14.06.16 06:25,2.882222222,166
96,14.06.16,7,AS67,15,10.25653333,3.504666667,0,0,15,0,14.06.16 06:40,3.132222222,166
97,14.06.16,7,AS67,15,10.33173333,3.556666667,0,0,15,0,14.06.16 06:55,3.382222222,166
98,14.06.16,7,AS68,15,10.0506,4.19,0,0,15,0,14.06.16 07:18,3.765555556,166
99,14.06.16,8,AS68,15,10.03246667,4.164666667,0,0,15,0,14.06.16 07:34,4.032222222,166
100,14.06.16,8,AS68,15,10.1716,3.936666667,0,0,13,2,14.06.16 07:49,4.282222222,166
101,14.06.16,8,AS68,15,10.2582,3.835333333,0,0,15,0,14.06.16 08:04,4.532222222,166
102,26.06.16,8,AS68,15,9.4236,4.367333333,0,0,15,0,26.06.16 08:03,4.492222222,178
103,26.06.16,8,AS68,15,9.423666667,4.367333333,0,0,15,0,26.06.16 08:18,4.742222222,178
104,14.06.16,6,AS72,15,9.9688,3.354,0,0,15,0,14.06.16 06:10,2.632222222,166
105,14.06.16,6,AS72,15,10.07846667,3.354,0,0,14,1,14.06.16 06:25,2.882222222,166
106,14.06.16,7,AS72,15,10.25653333,3.504666667,0,0,15,0,14.06.16 06:40,3.132222222,166
107,14.06.16,7,AS72,15,10.33173333,3.556666667,0,0,14,1,14.06.16 06:55,3.382222222,166
108,26.06.16,7,AS72,15,9.326333333,4.924666667,0,0,15,0,26.06.16 07:05,3.525555556,178
109,26.06.16,7,AS72,15,9.316733333,4.772666667,0,0,15,0,26.06.16 07:20,3.775555556,178
110,26.06.16,8,AS72,15,9.252533333,4.595333333,0,0,15,0,26.06.16 07:35,4.025555556,178
111,14.06.16,6,AS80,15,9.9688,3.354,0,0,15,0,14.06.16 06:10,2.632222222,166
112,14.06.16,6,AS80,15,10.07846667,3.354,0,0,15,0,14.06.16 06:25,2.882222222,166
113,14.06.16,7,AS80,15,10.25653333,3.504666667,0,0,15,0,14.06.16 06:40,3.132222222,166
114,14.06.16,7,AS80,15,10.33173333,3.556666667,0,0,15,0,14.06.16 06:55,3.382222222,166
115,26.06.16,7,AS80,15,9.326333333,4.924666667,0,0,13,2,26.06.16 07:05,3.525555556,178
116,26.06.16,7,AS80,15,9.316733333,4.772666667,0,0,15,0,26.06.16 07:20,3.775555556,178
117,26.06.16,8,AS80,15,9.252533333,4.595333333,0,0,15,0,26.06.16 07:35,4.025555556,178
118,14.06.16,7,AS81,15,10.25653333,3.504666667,0,0,15,0,14.06.16 06:40,3.132222222,166
119,14.06.16,7,AS81,15,10.33173333,3.556666667,0,0,15,0,14.06.16 06:55,3.382222222,166
120,26.06.16,7,AS81,15,9.326333333,4.924666667,0,0,15,0,26.06.16 07:05,3.525555556,178
121,26.06.16,7,AS81,15,9.316733333,4.772666667,0,0,15,0,26.06.16 07:20,3.775555556,178
122,26.06.16,8,AS81,15,9.252533333,4.595333333,0,0,15,0,26.06.16 07:35,4.025555556,178
123,14.06.16,7,AS82,15,10.0506,4.19,0,0,13,2,14.06.16 07:18,3.765555556,166
124,14.06.16,8,AS82,15,10.0308,4.164666667,0,0,15,0,14.06.16 07:33,4.015555556,166
125,14.06.16,8,AS82,15,10.16013333,3.962,0,0,15,0,14.06.16 07:48,4.265555556,166
126,14.06.16,8,AS82,15,10.25006667,3.759333333,0,0,12,3,14.06.16 08:03,4.515555556,166
127,26.06.16,8,AS82,15,9.4236,4.367333333,0,0,14,1,26.06.16 08:03,4.492222222,178
128,26.06.16,8,AS82,15,9.423666667,4.367333333,0,0,15,0,26.06.16 08:18,4.742222222,178
129,14.06.16,7,AS83,15,10.0506,4.19,0,0,15,0,14.06.16 07:18,3.765555556,166
130,14.06.16,8,AS83,15,10.0308,4.164666667,0,0,15,0,14.06.16 07:33,4.015555556,166
131,14.06.16,8,AS83,15,10.16013333,3.962,0,0,15,0,14.06.16 07:48,4.265555556,166
132,14.06.16,8,AS83,15,10.25006667,3.759333333,0,0,14,1,14.06.16 08:03,4.515555556,166
133,26.06.16,8,AS83,15,9.4236,4.367333333,0,0,15,0,26.06.16 08:03,4.492222222,178
134,26.06.16,8,AS83,15,9.423666667,4.367333333,0,0,15,0,26.06.16 08:18,4.742222222,178
135,04.06.16,10,AS50,15,8.369066667,3.252,30,0,15,0,04.06.16 09:45,6.024722222,156
136,04.06.16,10,AS50,15,8.4324,3.047333333,30,0,15,0,04.06.16 10:00,6.274722222,156
137,05.06.16,11,AS50,15,10.34486667,2.407333333,0,0,15,0,05.06.16 10:39,6.951111111,157
138,05.06.16,11,AS50,15,10.32513333,2.432666667,0,0,15,0,05.06.16 10:54,7.201111111,157
139,09.06.16,11,AS50,15,8.927266667,0.456,0,0,15,0,09.06.16 10:45,7.141388889,161
140,09.06.16,11,AS50,15,8.7106,0.836,0,0,15,0,09.06.16 11:00,7.391388889,161
141,09.06.16,11,AS50,15,9.077,1.876666667,0,0,11,4,09.06.16 11:15,7.641388889,161
142,08.06.16,10,AS53,15,7.825,2.995333333,0,0,15,0,08.06.16 09:59,6.354722222,160
143,08.06.16,10,AS53,15,7.831666667,3.098,0,0,15,0,08.06.16 10:14,6.604722222,160
144,08.06.16,11,AS54,15,7.94,2.842666667,0,0,15,0,08.06.16 10:57,7.321388889,160
145,08.06.16,11,AS54,15,8.055,2.61,0,0,15,0,08.06.16 11:12,7.571388889,160
146,08.06.16,11,AS56,15,7.94,2.842666667,0,0,14,1,08.06.16 10:57,7.321388889,160
147,08.06.16,11,AS56,15,8.055,2.61,0,0,15,0,08.06.16 11:12,7.571388889,160
148,05.06.16,11,AS59,15,10.34486667,2.407333333,0,0,15,0,05.06.16 10:39,6.951111111,157
149,05.06.16,11,AS59,15,10.32513333,2.432666667,0,0,15,0,05.06.16 10:54,7.201111111,157
150,09.06.16,11,AS59,15,8.927266667,0.456,0,0,13,2,09.06.16 10:45,7.141388889,161
151,09.06.16,11,AS59,15,8.7106,0.836,0,0,15,0,09.06.16 11:00,7.391388889,161
152,09.06.16,11,AS59,15,9.077,1.876666667,0,0,9,6,09.06.16 11:15,7.641388889,161
153,04.06.16,10,AS60,15,8.369066667,3.252,30,0,15,0,04.06.16 09:45,6.024722222,156
154,04.06.16,10,AS60,15,8.4324,3.047333333,30,0,15,0,04.06.16 10:00,6.274722222,156
155,05.06.16,11,AS60,15,10.34486667,2.407333333,0,0,15,0,05.06.16 10:39,6.951111111,157
156,05.06.16,11,AS60,15,10.32513333,2.432666667,0,0,15,0,05.06.16 10:54,7.201111111,157
157,09.06.16,11,AS60,15,8.927266667,0.456,0,0,13,2,09.06.16 10:45,7.141388889,161
158,09.06.16,11,AS60,15,8.7106,0.836,0,0,15,0,09.06.16 11:00,7.391388889,161
159,09.06.16,11,AS60,15,9.077,1.876666667,0,0,13,2,09.06.16 11:15,7.641388889,161
160,27.06.16,12,AS61,15,12.0802,1.52,0,0,13,2,27.06.16 11:41,8.110833333,179
161,04.06.16,11,AS62,15,8.948733333,3.632666667,30,0,14,1,04.06.16 11:03,7.324722222,156
162,04.06.16,11,AS62,15,9.041266667,3.506,30,0,15,0,04.06.16 11:18,7.574722222,156
163,05.06.16,10,AS62,15,10.09313333,2.482666667,0,0,14,1,05.06.16 10:24,6.701111111,157
164,04.06.16,11,AS63,15,8.948733333,3.632666667,30,0,15,0,04.06.16 11:03,7.324722222,156
165,04.06.16,11,AS63,15,9.041266667,3.506,30,0,14,1,04.06.16 11:18,7.574722222,156
166,05.06.16,10,AS63,15,10.09313333,2.482666667,0,0,15,0,05.06.16 10:24,6.701111111,157
167,27.06.16,12,AS63,15,12.0802,1.52,0,0,9,6,27.06.16 11:41,8.110833333,179
168,05.06.16,9,AS64,15,10.4508,2.102666667,15,0,15,0,05.06.16 09:14,5.534444444,157
169,05.06.16,12,AS64,15,9.770333333,2.534,0,0,15,0,05.06.16 11:39,7.951111111,157
171,08.06.16,10,AS67,15,7.825,2.995333333,0,0,15,0,08.06.16 09:59,6.354722222,160
172,08.06.16,10,AS67,15,7.831666667,3.098,0,0,15,0,08.06.16 10:14,6.604722222,160
173,08.06.16,12,AS68,15,7.96,2.790666667,0,0,15,0,08.06.16 11:43,8.088055556,160
174,08.06.16,12,AS70,15,7.96,2.790666667,0,0,12,3,08.06.16 11:43,8.088055556,160
175,08.06.16,10,AS72,15,7.825,2.995333333,0,0,15,0,08.06.16 09:59,6.354722222,160
176,08.06.16,10,AS72,15,7.831666667,3.098,0,0,15,0,08.06.16 10:14,6.604722222,160
177,09.06.16,11,AS75,15,8.945466667,0.481333333,0,0,15,0,09.06.16 10:49,7.208055556,161
178,09.06.16,11,AS75,15,8.6014,0.810666667,0,0,15,0,09.06.16 11:04,7.458055556,161
179,09.06.16,11,AS75,15,9.387,2.206,0,0,9,6,09.06.16 11:19,7.708055556,161
180,08.06.16,12,AS76,15,7.96,2.790666667,0,0,15,0,08.06.16 11:43,8.088055556,160
182,08.06.16,10,AS80,15,7.831666667,3.098,0,0,15,0,08.06.16 10:14,6.604722222,160
183,08.06.16,11,AS83,15,7.94,2.842666667,0,0,15,0,08.06.16 10:57,7.321388889,160
184,08.06.16,11,AS83,15,8.055,2.61,0,0,15,0,08.06.16 11:12,7.571388889,160
185,08.06.16,12,AS83,15,7.96,2.790666667,0,0,15,0,08.06.16 11:43,8.088055556,160
186,27.06.16,12,ASX2,15,12.0802,1.52,0,0,15,0,27.06.16 11:41,8.110833333,179
187,08.06.16,14,AS50,15,8.271333333,2.381333333,0,0,15,0,08.06.16 13:48,10.17138889,160
188,08.06.16,14,AS50,15,8.078333333,2.585333333,0,0,15,0,08.06.16 14:03,10.42138889,160
189,15.06.16,12,AS52,15,10.82853333,1.419333333,12,0,15,0,15.06.16 12:22,8.841388889,167
190,15.06.16,13,AS52,15,10.46346667,2.281333333,6,0,15,0,15.06.16 12:37,9.091388889,167
191,07.06.16,14,AS53,15,10.05046667,2.714,30,7,15,0,07.06.16 13:37,9.966111111,159
192,07.06.16,14,AS53,15,10.4818,2.306666667,27,15,15,0,07.06.16 13:52,10.21611111,159
193,07.06.16,14,AS53,15,10.692,1.773333333,15,15,15,0,07.06.16 14:08,10.48277778,159
194,07.06.16,15,AS53,15,10.73446667,1.798666667,15,15,15,0,07.06.16 14:35,10.93277778,159
195,15.06.16,12,AS53,15,10.99006667,1.672,30,0,9,6,15.06.16 11:52,8.341388889,167
196,15.06.16,12,AS53,15,11.49933333,1.368666667,23,0,10,5,15.06.16 12:07,8.591388889,167
197,15.06.16,12,AS53,15,10.82853333,1.419333333,12,0,14,1,15.06.16 12:22,8.841388889,167
198,15.06.16,13,AS53,15,10.46346667,2.281333333,6,0,15,0,15.06.16 12:37,9.091388889,167
199,12.06.16,14,AS54,15,11.22706667,2.077333333,0,0,15,0,12.06.16 14:19,10.75805556,164
200,12.06.16,15,AS54,15,10.7264,1.950666667,0,0,15,0,12.06.16 14:34,11.00805556,164
201,12.06.16,15,AS54,15,10.3512,1.9,0,0,15,0,12.06.16 14:49,11.25805556,164
202,24.06.16,14,AS56,15,12.49313333,0.025333333,0,0,15,0,24.06.16 14:14,10.69972222,176
203,24.06.16,14,AS56,15,12.60406667,0.430666667,0,0,15,0,24.06.16 14:29,10.94972222,176
204,24.06.16,15,AS56,15,11.9446,1.266666667,0,0,12,3,24.06.16 14:44,11.19972222,176
205,08.06.16,14,AS59,15,8.271333333,2.381333333,0,0,15,0,08.06.16 13:48,10.17138889,160
206,08.06.16,14,AS59,15,8.078333333,2.585333333,0,0,15,0,08.06.16 14:03,10.42138889,160
207,08.06.16,14,AS59,15,8.176666667,2.584666667,0,0,15,0,08.06.16 14:18,10.67138889,160
208,08.06.16,14,AS60,15,8.271333333,2.381333333,0,0,15,0,08.06.16 13:48,10.17138889,160
209,08.06.16,14,AS60,15,8.078333333,2.585333333,0,0,15,0,08.06.16 14:03,10.42138889,160
210,08.06.16,14,AS60,15,8.176666667,2.584666667,0,0,15,0,08.06.16 14:18,10.67138889,160
211,27.06.16,12,AS61,15,12.04966667,2.153333333,10,0,15,0,27.06.16 11:56,8.360833333,179
212,27.06.16,12,AS61,15,11.89773333,2.533333333,19,0,14,1,27.06.16 12:11,8.610833333,179
213,27.06.16,12,AS61,15,12.02206667,2.330666667,19,0,15,0,27.06.16 12:26,8.860833333,179
214,08.06.16,12,AS64,15,8.173066667,2.661333333,0,0,15,0,08.06.16 11:58,8.338055556,160
215,08.06.16,13,AS64,15,8.425666667,2.970666667,0,0,14,1,08.06.16 12:34,8.938055556,160
216,15.06.16,13,AS65,15,10.28986667,2.409333333,6,0,15,0,15.06.16 13:13,9.691388889,167
217,15.06.16,13,AS65,15,10.56086667,2.029333333,0,0,15,0,15.06.16 13:28,9.941388889,167
218,15.06.16,14,AS65,15,10.59006667,1.722666667,0,0,10,5,15.06.16 13:43,10.19138889,167
219,07.06.16,14,AS67,15,10.05046667,2.714,30,0,15,0,07.06.16 13:37,9.966111111,159
220,07.06.16,14,AS67,15,10.4818,2.306666667,27,13,15,0,07.06.16 13:52,10.21611111,159
221,07.06.16,14,AS67,15,10.72466667,1.697333333,12,15,15,0,07.06.16 14:07,10.46611111,159
223,07.06.16,15,AS67,15,10.7606,1.798666667,15,11,15,0,07.06.16 14:36,10.94944444,159
224,15.06.16,12,AS67,15,10.99006667,1.672,30,0,15,0,15.06.16 11:52,8.341388889,167
225,15.06.16,12,AS67,15,11.49933333,1.368666667,23,0,15,0,15.06.16 12:07,8.591388889,167
226,15.06.16,12,AS67,15,10.82853333,1.419333333,12,0,12,3,15.06.16 12:22,8.841388889,167
227,15.06.16,13,AS67,15,10.46346667,2.281333333,6,0,15,0,15.06.16 12:37,9.091388889,167
228,08.06.16,12,AS68,15,8.173066667,2.661333333,0,0,15,0,08.06.16 11:58,8.338055556,160
229,08.06.16,13,AS68,15,8.425666667,2.996666667,0,0,15,0,08.06.16 12:33,8.921388889,160
230,12.06.16,14,AS68,15,11.22706667,2.077333333,0,0,15,0,12.06.16 14:19,10.75805556,164
231,12.06.16,15,AS68,15,10.7264,1.950666667,0,0,15,0,12.06.16 14:34,11.00805556,164
232,12.06.16,15,AS68,15,10.3512,1.9,0,0,15,0,12.06.16 14:49,11.25805556,164
233,24.06.16,14,AS68,15,12.49313333,0.025333333,0,0,15,0,24.06.16 14:14,10.69972222,176
234,24.06.16,14,AS68,15,12.60406667,0.430666667,0,0,15,0,24.06.16 14:29,10.94972222,176
235,24.06.16,15,AS68,15,11.9446,1.266666667,0,0,15,0,24.06.16 14:44,11.19972222,176
236,01.07.16,13,AS68,15,11.27913333,0.861333333,0,0,15,0,01.07.16 13:20,9.682777778,183
237,01.07.16,14,AS68,15,11.47386667,0.836,0,0,15,0,01.07.16 13:35,9.932777778,183
238,01.07.16,14,AS68,15,11.75053333,0.988,0,0,15,0,01.07.16 13:50,10.18277778,183
239,01.07.16,14,AS68,15,12.3192,1.266666667,0,0,13,2,01.07.16 14:05,10.43277778,183
240,08.06.16,12,AS70,15,8.173066667,2.661333333,0,0,15,0,08.06.16 11:58,8.338055556,160
241,08.06.16,13,AS70,15,8.425666667,2.970666667,0,0,14,1,08.06.16 12:34,8.938055556,160
242,12.06.16,14,AS70,15,11.22706667,2.077333333,0,0,15,0,12.06.16 14:19,10.75805556,164
243,12.06.16,15,AS70,15,10.7264,1.950666667,0,0,15,0,12.06.16 14:34,11.00805556,164
244,12.06.16,15,AS70,15,10.3512,1.9,0,0,15,0,12.06.16 14:49,11.25805556,164
245,15.06.16,12,AS72,15,10.99006667,1.672,30,0,15,0,15.06.16 11:52,8.341388889,167
246,15.06.16,12,AS72,15,11.49933333,1.368666667,23,0,15,0,15.06.16 12:07,8.591388889,167
247,15.06.16,12,AS72,15,10.82853333,1.419333333,12,0,14,1,15.06.16 12:22,8.841388889,167
248,15.06.16,13,AS72,15,10.46346667,2.281333333,6,0,15,0,15.06.16 12:37,9.091388889,167
249,24.06.16,12,AS72,15,13.19413333,2.052,15,3,15,0,24.06.16 12:10,8.633055556,176
250,24.06.16,12,AS72,15,13.25153333,1.672,15,11,15,0,24.06.16 12:25,8.883055556,176
251,24.06.16,13,AS72,15,12.62673333,1.672,12,0,15,0,24.06.16 12:40,9.133055556,176
252,24.06.16,13,AS72,15,13.02866667,2.052,21,11,15,0,24.06.16 12:55,9.383055556,176
253,24.06.16,13,AS72,15,14.61013333,0.608,30,15,15,0,24.06.16 13:23,9.849722222,176
254,24.06.16,14,AS72,15,14.61346667,1.064,18,15,15,0,24.06.16 13:38,10.09972222,176
255,27.06.16,14,AS72,15,12.38193333,0.278666667,12,15,15,0,27.06.16 14:11,10.61083333,179
256,27.06.16,14,AS72,15,12.00266667,0.025333333,0,15,15,0,27.06.16 14:26,10.86083333,179
257,27.06.16,15,AS72,15,11.5092,0.278666667,0,4,6,9,27.06.16 14:41,11.11083333,179
258,01.07.16,13,AS72,15,11.27913333,0.861333333,0,0,15,0,01.07.16 13:20,9.682777778,183
259,01.07.16,14,AS72,15,11.47386667,0.836,0,0,15,0,01.07.16 13:35,9.932777778,183
260,01.07.16,14,AS72,15,11.75053333,0.988,0,0,15,0,01.07.16 13:50,10.18277778,183
261,01.07.16,14,AS72,15,12.3192,1.266666667,0,0,15,0,01.07.16 14:05,10.43277778,183
262,08.06.16,14,AS75,15,8.271333333,2.381333333,0,0,15,0,08.06.16 13:48,10.17138889,160
263,08.06.16,14,AS75,15,8.078333333,2.585333333,0,0,15,0,08.06.16 14:03,10.42138889,160
264,08.06.16,14,AS75,15,8.176666667,2.584666667,0,0,15,0,08.06.16 14:18,10.67138889,160
265,08.06.16,12,AS76,15,8.173066667,2.661333333,0,0,15,0,08.06.16 11:58,8.338055556,160
266,12.06.16,14,AS76,15,11.22706667,2.077333333,0,0,15,0,12.06.16 14:19,10.75805556,164
267,12.06.16,15,AS76,15,10.7264,1.950666667,0,0,15,0,12.06.16 14:34,11.00805556,164
268,12.06.16,15,AS76,15,10.3512,1.9,0,0,15,0,12.06.16 14:49,11.25805556,164
269,07.06.16,14,AS80,15,10.05046667,2.714,30,12,15,0,07.06.16 13:37,9.966111111,159
270,07.06.16,14,AS80,15,10.4818,2.306666667,27,15,15,0,07.06.16 13:52,10.21611111,159
271,07.06.16,14,AS80,15,10.72466667,1.697333333,14,1,11,4,07.06.16 14:07,10.46611111,159
272,07.06.16,15,AS80,15,10.73446667,1.798666667,15,10,12,3,07.06.16 14:35,10.93277778,159
273,15.06.16,12,AS80,15,10.99006667,1.672,30,0,15,0,15.06.16 11:52,8.341388889,167
274,15.06.16,12,AS80,15,11.49933333,1.368666667,23,0,15,0,15.06.16 12:07,8.591388889,167
275,15.06.16,12,AS80,15,10.82853333,1.419333333,12,0,15,0,15.06.16 12:22,8.841388889,167
276,15.06.16,13,AS80,15,10.46346667,2.281333333,6,0,15,0,15.06.16 12:37,9.091388889,167
277,24.06.16,12,AS80,15,13.19413333,2.052,15,3,7,8,24.06.16 12:10,8.633055556,176
278,24.06.16,12,AS80,15,13.25153333,1.672,15,15,15,0,24.06.16 12:25,8.883055556,176
280,24.06.16,13,AS80,15,13.02866667,2.052,15,11,15,0,24.06.16 12:55,9.383055556,176
281,24.06.16,13,AS80,15,14.61013333,0.608,30,15,15,0,24.06.16 13:23,9.849722222,176
282,24.06.16,14,AS80,15,14.61346667,1.064,18,10,15,0,24.06.16 13:38,10.09972222,176
283,27.06.16,14,AS80,15,12.38193333,0.278666667,12,0,14,1,27.06.16 14:11,10.61083333,179
284,27.06.16,14,AS80,15,12.00266667,0.025333333,0,0,14,1,27.06.16 14:26,10.86083333,179
285,27.06.16,15,AS80,15,11.56266667,0.304,0,0,6,9,27.06.16 14:42,11.1275,179
286,15.06.16,12,AS81,15,10.99006667,1.672,30,0,15,0,15.06.16 11:52,8.341388889,167
287,15.06.16,12,AS81,15,11.49933333,1.368666667,23,0,15,0,15.06.16 12:07,8.591388889,167
289,15.06.16,13,AS81,15,10.46346667,2.281333333,6,0,15,0,15.06.16 12:37,9.091388889,167
290,24.06.16,12,AS81,15,13.19413333,2.052,15,0,15,0,24.06.16 12:10,8.633055556,176
291,24.06.16,12,AS81,15,13.25153333,1.672,15,0,15,0,24.06.16 12:25,8.883055556,176
292,24.06.16,13,AS81,15,12.62673333,1.672,12,0,15,0,24.06.16 12:40,9.133055556,176
293,24.06.16,13,AS81,15,13.02866667,2.052,21,11,15,0,24.06.16 12:55,9.383055556,176
294,24.06.16,13,AS81,15,14.61013333,0.608,30,15,15,0,24.06.16 13:23,9.849722222,176
295,24.06.16,14,AS81,15,14.61346667,1.064,18,15,15,0,24.06.16 13:38,10.09972222,176
296,27.06.16,14,AS81,15,12.38193333,0.278666667,12,15,15,0,27.06.16 14:11,10.61083333,179
297,27.06.16,14,AS81,15,12.00266667,0.025333333,0,15,15,0,27.06.16 14:26,10.86083333,179
298,27.06.16,15,AS81,15,11.5092,0.278666667,0,4,10,5,27.06.16 14:41,11.11083333,179
299,01.07.16,13,AS81,15,11.27913333,0.861333333,0,0,12,3,01.07.16 13:20,9.682777778,183
300,01.07.16,14,AS81,15,11.47386667,0.836,0,0,15,0,01.07.16 13:35,9.932777778,183
301,01.07.16,14,AS81,15,11.75053333,0.988,0,0,15,0,01.07.16 13:50,10.18277778,183
302,01.07.16,14,AS81,15,12.3192,1.266666667,0,0,15,0,01.07.16 14:05,10.43277778,183
303,24.06.16,14,AS82,15,12.49313333,0.025333333,0,1,15,0,24.06.16 14:14,10.69972222,176
304,24.06.16,14,AS82,15,12.60406667,0.430666667,0,15,15,0,24.06.16 14:29,10.94972222,176
305,24.06.16,15,AS82,15,11.93653333,1.292,0,14,15,0,24.06.16 14:45,11.21638889,176
306,01.07.16,13,AS82,15,11.27913333,0.861333333,0,0,15,0,01.07.16 13:20,9.682777778,183
307,01.07.16,14,AS82,15,11.47386667,0.836,0,0,15,0,01.07.16 13:35,9.932777778,183
308,01.07.16,14,AS82,15,11.75053333,0.988,0,0,15,0,01.07.16 13:50,10.18277778,183
309,01.07.16,14,AS82,15,12.3192,1.266666667,0,0,13,2,01.07.16 14:05,10.43277778,183
310,08.06.16,12,AS83,15,8.173066667,2.661333333,0,0,15,0,08.06.16 11:58,8.338055556,160
311,08.06.16,13,AS83,15,8.425666667,2.996666667,0,0,14,1,08.06.16 12:33,8.921388889,160
312,12.06.16,14,AS83,15,11.22706667,2.077333333,0,0,15,0,12.06.16 14:19,10.75805556,164
313,12.06.16,15,AS83,15,10.7264,1.950666667,0,0,15,0,12.06.16 14:34,11.00805556,164
314,12.06.16,15,AS83,15,10.3512,1.9,0,0,15,0,12.06.16 14:49,11.25805556,164
315,24.06.16,14,AS83,15,12.49313333,0.025333333,0,0,15,0,24.06.16 14:14,10.69972222,176
316,24.06.16,14,AS83,15,12.60406667,0.430666667,0,0,15,0,24.06.16 14:29,10.94972222,176
317,24.06.16,15,AS83,15,11.9446,1.266666667,0,0,15,0,24.06.16 14:44,11.19972222,176
318,27.06.16,12,ASX2,15,12.04966667,2.153333333,10,0,15,0,27.06.16 11:56,8.360833333,179
319,27.06.16,12,ASX2,15,11.89773333,2.533333333,19,0,15,0,27.06.16 12:11,8.610833333,179
320,27.06.16,12,ASX2,15,12.02206667,2.330666667,19,0,15,0,27.06.16 12:26,8.860833333,179
321,04.06.16,17,AS50,15,9.5764,3.734,30,0,15,0,04.06.16 16:35,12.85805556,156
322,04.06.16,17,AS50,15,9.467866667,3.531333333,30,0,15,0,04.06.16 16:50,13.10805556,156
323,14.06.16,18,AS52,15,12.34986667,3.328666667,30,0,15,0,14.06.16 17:40,14.13222222,166
324,09.06.16,16,AS53,15,10.56986667,3.353333333,30,0,15,0,09.06.16 15:49,12.20805556,161
325,09.06.16,16,AS53,15,10.74086667,3.708666667,30,0,15,0,09.06.16 16:04,12.45805556,161
326,09.06.16,16,AS53,15,10.75086667,3.480666667,30,0,15,0,09.06.16 16:19,12.70805556,161
327,12.06.16,16,AS53,15,11.84593333,2.28,30,0,15,0,12.06.16 16:25,12.85805556,164
328,12.06.16,17,AS53,15,11.76666667,2.433333333,25,0,15,0,12.06.16 16:40,13.10805556,164
329,12.06.16,17,AS53,15,11.37653333,2.534666667,15,0,15,0,12.06.16 16:55,13.35805556,164
330,12.06.16,17,AS53,15,11.04,2.458666667,3,0,14,1,12.06.16 17:10,13.60805556,164
331,14.06.16,18,AS53,15,12.34986667,3.328666667,30,0,15,0,14.06.16 17:40,14.13222222,166
332,07.06.16,15,AS54,15,9.6354,0.810666667,10,0,15,0,07.06.16 15:12,11.54944444,159
333,07.06.16,15,AS54,15,10.56653333,1.342666667,21,0,15,0,07.06.16 15:27,11.79944444,159
334,12.06.16,15,AS54,15,10.61873333,1.925333333,0,0,15,0,12.06.16 15:15,11.69138889,164
335,12.06.16,16,AS54,15,11.01233333,2.509333333,7,0,15,0,12.06.16 15:30,11.94138889,164
336,12.06.16,16,AS54,15,11.4088,2.51,28,0,13,2,12.06.16 15:45,12.19138889,164
337,14.06.16,17,AS54,15,11.73753333,3.759333333,15,0,15,0,14.06.16 16:53,13.34888889,166
338,14.06.16,17,AS54,15,12.33806667,3.607333333,30,0,15,0,14.06.16 17:08,13.59888889,166
339,07.06.16,15,AS56,15,9.6354,0.810666667,6,0,15,0,07.06.16 15:12,11.54944444,159
340,07.06.16,15,AS56,15,10.56653333,1.342666667,25,0,15,0,07.06.16 15:27,11.79944444,159
341,12.06.16,15,AS56,15,10.61873333,1.925333333,0,0,15,0,12.06.16 15:15,11.69138889,164
342,12.06.16,16,AS56,15,11.01233333,2.509333333,7,0,15,0,12.06.16 15:30,11.94138889,164
343,12.06.16,16,AS56,15,11.4088,2.51,28,0,15,0,12.06.16 15:45,12.19138889,164
344,14.06.16,17,AS56,15,11.73753333,3.759333333,15,0,11,4,14.06.16 16:53,13.34888889,166
345,14.06.16,17,AS56,15,12.3962,3.582,30,0,13,2,14.06.16 17:09,13.61555556,166
346,24.06.16,15,AS56,15,12.124,0.836,0,2,15,0,24.06.16 14:59,11.44972222,176
347,24.06.16,16,AS56,15,14.06746667,1.697333333,27,11,12,3,24.06.16 15:31,11.98305556,176
348,24.06.16,16,AS56,15,13.61106667,0.734666667,24,2,15,0,24.06.16 15:46,12.23305556,176
349,04.06.16,17,AS59,15,9.5764,3.734,30,0,15,0,04.06.16 16:35,12.85805556,156
350,04.06.16,17,AS59,15,9.484333333,3.556666667,30,0,15,0,04.06.16 16:51,13.12472222,156
351,04.06.16,17,AS60,15,9.5764,3.734,30,0,15,0,04.06.16 16:35,12.85805556,156
352,04.06.16,17,AS60,15,9.484333333,3.556666667,30,0,15,0,04.06.16 16:51,13.12472222,156
353,04.06.16,17,AS62,15,9.303,3.784666667,30,0,15,0,04.06.16 17:18,13.57472222,156
354,04.06.16,18,AS62,15,9.385533333,3.506,30,0,15,0,04.06.16 17:33,13.82472222,156
355,07.06.16,17,AS62,15,9.5862,1.874666667,0,0,15,0,07.06.16 17:12,13.54944444,159
356,08.06.16,15,AS62,15,8.346,2.560666667,0,0,15,0,08.06.16 14:58,11.33805556,160
357,08.06.16,15,AS62,15,8.2896,2.867333333,0,0,15,0,08.06.16 15:13,11.58805556,160
358,08.06.16,15,AS62,15,8.281333333,2.508666667,0,0,14,1,08.06.16 15:28,11.83805556,160
359,14.06.16,16,AS62,15,12.34793333,3.81,21,0,15,0,14.06.16 15:45,12.21555556,166
360,14.06.16,16,AS62,15,12.6266,3.657333333,23,0,15,0,14.06.16 16:00,12.46555556,166
361,14.06.16,16,AS62,15,12.09486667,3.733333333,26,0,11,4,14.06.16 16:15,12.71555556,166
362,04.06.16,17,AS63,15,9.303,3.784666667,30,0,15,0,04.06.16 17:18,13.57472222,156
363,04.06.16,18,AS63,15,9.385533333,3.506,30,0,12,3,04.06.16 17:33,13.82472222,156
364,07.06.16,17,AS63,15,9.5862,1.874666667,0,0,15,0,07.06.16 17:12,13.54944444,159
365,08.06.16,15,AS63,15,8.346,2.560666667,0,0,13,2,08.06.16 14:58,11.33805556,160
366,08.06.16,15,AS63,15,8.2896,2.867333333,0,0,15,0,08.06.16 15:13,11.58805556,160
367,08.06.16,15,AS63,15,8.281333333,2.508666667,0,0,13,2,08.06.16 15:28,11.83805556,160
368,14.06.16,16,AS63,15,12.4318,3.734,19,0,11,4,14.06.16 15:46,12.23222222,166
369,14.06.16,16,AS63,15,12.58953333,3.733333333,25,0,13,2,14.06.16 16:01,12.48222222,166
371,24.06.16,17,AS63,15,13.63226667,0.329333333,0,0,15,0,24.06.16 16:30,12.96638889,176
372,24.06.16,18,AS63,15,11.9654,0.278666667,10,0,15,0,24.06.16 17:41,14.14972222,176
373,05.06.16,16,AS64,15,10.19946667,2.610666667,0,0,15,0,05.06.16 15:43,12.01777778,157
374,05.06.16,16,AS64,15,10.19266667,2.508666667,0,0,15,0,05.06.16 15:58,12.26777778,157
375,05.06.16,16,AS64,15,10.0914,2.406666667,0,0,11,4,05.06.16 16:22,12.66777778,157
376,07.06.16,16,AS64,15,11.11633333,2.561333333,0,5,15,0,07.06.16 16:12,12.54944444,159
377,07.06.16,16,AS64,15,10.76846667,2.280666667,0,0,15,0,07.06.16 16:27,12.79944444,159
378,09.06.16,16,AS67,15,10.56986667,3.353333333,28,0,14,1,09.06.16 15:49,12.20805556,161
379,09.06.16,16,AS67,15,10.74086667,3.708666667,30,0,15,0,09.06.16 16:04,12.45805556,161
380,09.06.16,16,AS67,15,10.75086667,3.480666667,30,0,15,0,09.06.16 16:19,12.70805556,161
381,12.06.16,16,AS67,15,11.84593333,2.28,30,0,14,1,12.06.16 16:25,12.85805556,164
382,12.06.16,17,AS67,15,11.76666667,2.433333333,25,0,15,0,12.06.16 16:40,13.10805556,164
383,12.06.16,17,AS67,15,11.37653333,2.534666667,15,0,15,0,12.06.16 16:55,13.35805556,164
384,12.06.16,17,AS67,15,11.04,2.458666667,3,0,14,1,12.06.16 17:10,13.60805556,164
385,14.06.16,18,AS67,15,12.34986667,3.328666667,30,0,15,0,14.06.16 17:40,14.13222222,166
386,07.06.16,16,AS68,15,11.11633333,2.561333333,0,0,15,0,07.06.16 16:12,12.54944444,159
387,07.06.16,16,AS68,15,10.76846667,2.280666667,0,0,15,0,07.06.16 16:27,12.79944444,159
388,09.06.16,17,AS68,15,10.69546667,3.556666667,30,0,15,0,09.06.16 17:19,13.70805556,161
389,09.06.16,18,AS68,15,10.61233333,3.607333333,30,0,15,0,09.06.16 17:34,13.95805556,161
390,09.06.16,18,AS68,15,10.5274,3.428666667,30,0,15,0,09.06.16 17:49,14.20805556,161
391,14.06.16,17,AS68,15,11.72946667,3.81,16,0,12,3,14.06.16 16:54,13.36555556,166
392,14.06.16,17,AS68,15,12.3962,3.582,30,0,15,0,14.06.16 17:09,13.61555556,166
393,24.06.16,15,AS68,15,12.124,0.836,0,0,15,0,24.06.16 14:59,11.44972222,176
394,24.06.16,16,AS68,15,14.04826667,1.722666667,26,0,15,0,24.06.16 15:30,11.96638889,176
395,24.06.16,16,AS68,15,13.66393333,0.810666667,25,0,15,0,24.06.16 15:45,12.21638889,176
396,05.06.16,16,AS70,15,10.19946667,2.610666667,0,0,15,0,05.06.16 15:43,12.01777778,157
397,05.06.16,16,AS70,15,10.19266667,2.508666667,0,0,15,0,05.06.16 15:58,12.26777778,157
398,07.06.16,16,AS70,15,11.08366667,2.612666667,0,0,15,0,07.06.16 16:13,12.56611111,159
399,07.06.16,16,AS70,15,10.82226667,2.254666667,0,0,15,0,07.06.16 16:28,12.81611111,159
400,09.06.16,17,AS70,15,10.69546667,3.556666667,30,0,15,0,09.06.16 17:19,13.70805556,161
401,09.06.16,18,AS70,15,10.61233333,3.607333333,30,0,15,0,09.06.16 17:34,13.95805556,161
402,09.06.16,18,AS70,15,10.5274,3.428666667,30,0,15,0,09.06.16 17:49,14.20805556,161
403,09.06.16,16,AS72,15,10.56986667,3.353333333,30,0,13,2,09.06.16 15:49,12.20805556,161
404,09.06.16,16,AS72,15,10.74086667,3.708666667,30,0,15,0,09.06.16 16:04,12.45805556,161
405,09.06.16,16,AS72,15,10.75086667,3.480666667,30,0,13,2,09.06.16 16:19,12.70805556,161
406,12.06.16,16,AS72,15,11.84593333,2.28,30,0,15,0,12.06.16 16:25,12.85805556,164
407,12.06.16,17,AS72,15,11.76666667,2.433333333,25,0,15,0,12.06.16 16:40,13.10805556,164
408,12.06.16,17,AS72,15,11.37653333,2.534666667,15,0,15,0,12.06.16 16:55,13.35805556,164
409,12.06.16,17,AS72,15,11.04,2.458666667,3,0,14,1,12.06.16 17:10,13.60805556,164
410,14.06.16,18,AS72,15,12.34986667,3.328666667,30,0,15,0,14.06.16 17:40,14.13222222,166
411,27.06.16,15,AS72,15,11.67453333,0.101333333,0,0,15,0,27.06.16 15:05,11.51083333,179
412,27.06.16,15,AS72,15,12.97886667,0.532,30,0,15,0,27.06.16 15:20,11.76083333,179
413,27.06.16,16,AS72,15,12.55433333,0.836,12,0,15,0,27.06.16 15:35,12.01083333,179
414,27.06.16,16,AS72,15,11.42946667,1.292,0,0,12,3,27.06.16 15:50,12.26083333,179
415,27.06.16,17,AS72,15,12.85513333,2.713333333,13,0,15,0,27.06.16 17:00,13.4275,179
416,27.06.16,17,AS72,15,12.2478,2.357333333,12,0,15,0,27.06.16 17:15,13.6775,179
417,27.06.16,18,AS72,15,11.69193333,0.785333333,9,0,15,0,27.06.16 17:30,13.9275,179
418,27.06.16,18,AS72,15,11.10713333,0.481333333,6,0,15,0,27.06.16 17:45,14.1775,179
419,09.06.16,17,AS76,15,10.69546667,3.556666667,30,0,15,0,09.06.16 17:19,13.70805556,161
420,09.06.16,18,AS76,15,10.61233333,3.607333333,30,0,15,0,09.06.16 17:34,13.95805556,161
421,09.06.16,18,AS76,15,10.5274,3.428666667,30,0,13,2,09.06.16 17:49,14.20805556,161
422,09.06.16,16,AS80,15,10.56986667,3.353333333,30,0,15,0,09.06.16 15:49,12.20805556,161
423,09.06.16,16,AS80,15,10.74086667,3.708666667,30,0,15,0,09.06.16 16:04,12.45805556,161
424,09.06.16,16,AS80,15,10.75086667,3.480666667,30,0,13,2,09.06.16 16:19,12.70805556,161
425,12.06.16,16,AS80,15,11.84593333,2.28,30,0,15,0,12.06.16 16:25,12.85805556,164
426,12.06.16,17,AS80,15,11.76666667,2.433333333,25,0,15,0,12.06.16 16:40,13.10805556,164
427,12.06.16,17,AS80,15,11.37653333,2.534666667,15,0,15,0,12.06.16 16:55,13.35805556,164
428,12.06.16,17,AS80,15,11.04,2.458666667,3,0,14,1,12.06.16 17:10,13.60805556,164
429,14.06.16,18,AS80,15,12.34986667,3.328666667,30,0,15,0,14.06.16 17:40,14.13222222,166
430,27.06.16,15,AS80,15,11.67453333,0.101333333,0,0,12,3,27.06.16 15:05,11.51083333,179
431,27.06.16,15,AS80,15,12.97886667,0.532,30,0,15,0,27.06.16 15:20,11.76083333,179
432,27.06.16,16,AS80,15,12.55433333,0.836,12,0,15,0,27.06.16 15:35,12.01083333,179
433,27.06.16,16,AS80,15,11.42946667,1.292,0,0,15,0,27.06.16 15:50,12.26083333,179
434,27.06.16,17,AS80,15,12.85513333,2.713333333,18,0,15,0,27.06.16 17:00,13.4275,179
435,27.06.16,17,AS80,15,12.2478,2.357333333,12,0,15,0,27.06.16 17:15,13.6775,179
436,27.06.16,18,AS80,15,11.69193333,0.785333333,9,0,15,0,27.06.16 17:30,13.9275,179
437,27.06.16,18,AS80,15,11.10713333,0.481333333,6,0,15,0,27.06.16 17:45,14.1775,179
438,14.06.16,18,AS81,15,12.34986667,3.328666667,30,0,15,0,14.06.16 17:40,14.13222222,166
439,27.06.16,15,AS81,15,11.67453333,0.101333333,0,0,15,0,27.06.16 15:05,11.51083333,179
440,27.06.16,15,AS81,15,12.97886667,0.532,30,0,15,0,27.06.16 15:20,11.76083333,179
441,27.06.16,16,AS81,15,12.55433333,0.836,12,0,15,0,27.06.16 15:35,12.01083333,179
442,27.06.16,16,AS81,15,11.42946667,1.292,0,0,15,0,27.06.16 15:50,12.26083333,179
443,27.06.16,17,AS81,15,12.85513333,2.713333333,12,0,15,0,27.06.16 17:00,13.4275,179
444,27.06.16,17,AS81,15,12.2478,2.357333333,12,0,15,0,27.06.16 17:15,13.6775,179
445,27.06.16,18,AS81,15,11.69193333,0.785333333,9,0,13,2,27.06.16 17:30,13.9275,179
446,27.06.16,18,AS81,15,11.10713333,0.481333333,6,0,15,0,27.06.16 17:45,14.1775,179
447,12.06.16,15,AS82,15,10.61873333,1.925333333,0,0,15,0,12.06.16 15:15,11.69138889,164
448,12.06.16,16,AS82,15,11.01233333,2.509333333,7,0,15,0,12.06.16 15:30,11.94138889,164
449,12.06.16,16,AS82,15,11.4088,2.51,28,0,15,0,12.06.16 15:45,12.19138889,164
450,14.06.16,17,AS82,15,11.73753333,3.759333333,15,0,13,2,14.06.16 16:53,13.34888889,166
451,14.06.16,17,AS82,15,12.33806667,3.607333333,30,0,15,0,14.06.16 17:08,13.59888889,166
452,24.06.16,15,AS82,15,12.124,0.836,0,0,15,0,24.06.16 14:59,11.44972222,176
453,24.06.16,16,AS82,15,14.04826667,1.722666667,26,0,15,0,24.06.16 15:30,11.96638889,176
454,24.06.16,16,AS82,15,13.66393333,0.810666667,25,5,15,0,24.06.16 15:45,12.21638889,176
455,07.06.16,15,AS83,15,9.6354,0.810666667,6,0,15,0,07.06.16 15:12,11.54944444,159
456,07.06.16,15,AS83,15,10.56653333,1.342666667,21,0,15,0,07.06.16 15:27,11.79944444,159
457,07.06.16,16,AS83,15,11.11633333,2.561333333,0,0,15,0,07.06.16 16:12,12.54944444,159
458,07.06.16,16,AS83,15,10.76846667,2.280666667,0,0,15,0,07.06.16 16:27,12.79944444,159
459,09.06.16,17,AS83,15,10.69546667,3.556666667,30,0,15,0,09.06.16 17:19,13.70805556,161
460,09.06.16,18,AS83,15,10.61233333,3.607333333,30,0,15,0,09.06.16 17:34,13.95805556,161
461,09.06.16,18,AS83,15,10.5274,3.428666667,30,0,15,0,09.06.16 17:49,14.20805556,161
462,12.06.16,15,AS83,15,10.61873333,1.925333333,0,0,15,0,12.06.16 15:15,11.69138889,164
463,12.06.16,16,AS83,15,11.01233333,2.509333333,7,0,15,0,12.06.16 15:30,11.94138889,164
464,12.06.16,16,AS83,15,11.4088,2.51,28,0,12,3,12.06.16 15:45,12.19138889,164
465,14.06.16,17,AS83,15,11.73753333,3.759333333,15,0,12,3,14.06.16 16:53,13.34888889,166
466,14.06.16,17,AS83,15,12.33806667,3.607333333,30,0,14,1,14.06.16 17:08,13.59888889,166
467,24.06.16,15,AS83,15,12.124,0.836,0,0,15,0,24.06.16 14:59,11.44972222,176
468,24.06.16,16,AS83,15,14.04826667,1.722666667,26,0,15,0,24.06.16 15:30,11.96638889,176
469,24.06.16,16,AS83,15,13.66393333,0.810666667,25,0,15,0,24.06.16 15:45,12.21638889,176
470,24.06.16,17,ASX1,15,13.63226667,0.329333333,0,0,15,0,24.06.16 16:30,12.96638889,176
471,24.06.16,17,ASX1,15,14.30193333,0.810666667,16,0,15,0,24.06.16 16:45,13.21638889,176
472,24.06.16,17,ASX1,15,14.04286667,0.38,15,6,14,1,24.06.16 17:00,13.46638889,176
473,24.06.16,18,ASX1,15,11.9654,0.278666667,10,0,15,0,24.06.16 17:41,14.14972222,176
474,07.06.16,18,AS50,15,8.915666667,0.253333333,0,0,15,0,07.06.16 18:05,14.43277778,159
475,06.06.16,18,AS53,15,9.578133333,2.28,15,0,15,0,06.06.16 18:06,14.42611111,158
476,06.06.16,18,AS53,15,9.4828,1.976,15,0,15,0,06.06.16 18:21,14.67611111,158
477,09.06.16,20,AS53,15,9.881933333,2.638,30,0,15,0,09.06.16 19:51,16.24138889,161
478,09.06.16,20,AS53,15,9.6324,2.869333333,28,0,15,0,09.06.16 20:06,16.49138889,161
479,12.06.16,19,AS53,15,10.21233333,2.406666667,0,0,13,2,12.06.16 18:52,15.30805556,164
480,12.06.16,19,AS53,15,10.19606667,2.254666667,0,0,15,0,12.06.16 19:07,15.55805556,164
481,12.06.16,19,AS53,15,10.04573333,2.764666667,0,0,15,0,12.06.16 19:22,15.80805556,164
482,09.06.16,18,AS54,15,10.46713333,3.149333333,30,0,14,1,09.06.16 18:04,14.45805556,161
483,09.06.16,18,AS54,15,10.53413333,2.945333333,22,0,15,0,09.06.16 18:19,14.70805556,161
484,09.06.16,19,AS54,15,10.40193333,2.868666667,30,0,15,0,09.06.16 18:43,15.10805556,161
485,09.06.16,19,AS54,15,10.2844,2.74,30,0,15,0,09.06.16 18:58,15.35805556,161
486,09.06.16,19,AS54,15,10.05213333,2.945333333,30,0,15,0,09.06.16 19:13,15.60805556,161
487,09.06.16,21,AS54,15,9.1568,2.892666667,6,0,15,0,09.06.16 20:35,16.97472222,161
488,09.06.16,21,AS54,15,8.9636,2.714,25,0,15,0,09.06.16 20:50,17.22472222,161
489,12.06.16,18,AS54,15,10.08006667,2.458,0,0,15,0,12.06.16 17:56,14.37472222,164
490,12.06.16,18,AS54,15,9.9606,2.534666667,0,0,15,0,12.06.16 18:11,14.62472222,164
491,12.06.16,18,AS54,15,10.1144,2.432666667,0,0,15,0,12.06.16 18:26,14.87472222,164
492,09.06.16,19,AS56,15,10.40193333,2.868666667,30,0,15,0,09.06.16 18:43,15.10805556,161
493,09.06.16,19,AS56,15,10.2844,2.74,30,0,15,0,09.06.16 18:58,15.35805556,161
494,09.06.16,19,AS56,15,10.05213333,2.945333333,30,0,15,0,09.06.16 19:13,15.60805556,161
495,12.06.16,18,AS56,15,10.08006667,2.458,0,0,15,0,12.06.16 17:56,14.37472222,164
496,12.06.16,18,AS56,15,9.9606,2.534666667,0,0,15,0,12.06.16 18:11,14.62472222,164
497,12.06.16,18,AS56,15,10.1144,2.432666667,0,0,15,0,12.06.16 18:26,14.87472222,164
498,07.06.16,18,AS59,15,8.915666667,0.253333333,0,0,15,0,07.06.16 18:05,14.43277778,159
499,07.06.16,18,AS60,15,8.915666667,0.253333333,0,0,15,0,07.06.16 18:05,14.43277778,159
500,23.06.16,18,AS65,15,11.40406667,1.545333333,0,0,15,0,23.06.16 18:12,14.67527778,175
501,06.06.16,18,AS67,15,9.578133333,2.28,15,0,15,0,06.06.16 18:06,14.42611111,158
502,06.06.16,18,AS67,15,9.4828,1.976,15,0,15,0,06.06.16 18:21,14.67611111,158
503,09.06.16,20,AS67,15,9.881933333,2.638,30,0,15,0,09.06.16 19:51,16.24138889,161
504,09.06.16,20,AS67,15,9.6324,2.869333333,28,0,15,0,09.06.16 20:06,16.49138889,161
505,12.06.16,19,AS67,15,10.21233333,2.406666667,0,0,12,3,12.06.16 18:52,15.30805556,164
506,12.06.16,19,AS67,15,10.19606667,2.254666667,0,0,15,0,12.06.16 19:07,15.55805556,164
507,12.06.16,19,AS67,15,10.04573333,2.764666667,0,0,15,0,12.06.16 19:22,15.80805556,164
508,09.06.16,18,AS68,15,10.46713333,3.149333333,30,0,15,0,09.06.16 18:04,14.45805556,161
509,09.06.16,18,AS68,15,10.53413333,2.945333333,24,0,15,0,09.06.16 18:19,14.70805556,161
510,09.06.16,21,AS68,15,9.1568,2.892666667,7,0,15,0,09.06.16 20:35,16.97472222,161
511,09.06.16,21,AS68,15,8.9636,2.714,25,0,15,0,09.06.16 20:50,17.22472222,161
512,12.06.16,18,AS68,15,10.08006667,2.458,0,0,15,0,12.06.16 17:56,14.37472222,164
513,12.06.16,18,AS68,15,9.9606,2.534666667,0,0,15,0,12.06.16 18:11,14.62472222,164
514,12.06.16,18,AS68,15,10.1144,2.432666667,0,0,15,0,12.06.16 18:26,14.87472222,164
515,01.07.16,20,AS68,15,10.32666667,0,0,0,15,0,01.07.16 19:57,16.29944444,183
516,01.07.16,20,AS68,15,10.2532,0,0,0,15,0,01.07.16 20:12,16.54944444,183
517,01.07.16,20,AS68,15,10.05726667,0,0,0,15,0,01.07.16 20:27,16.79944444,183
518,01.07.16,21,AS68,15,9.9194,0,0,0,15,0,01.07.16 20:42,17.04944444,183
519,04.06.16,18,AS70,15,9.293466667,3.302666667,30,0,15,0,04.06.16 18:15,14.52472222,156
520,04.06.16,19,AS70,15,9.1238,3.506,30,0,15,0,04.06.16 18:30,14.77472222,156
521,09.06.16,18,AS70,15,10.46713333,3.149333333,30,0,15,0,09.06.16 18:04,14.45805556,161
522,09.06.16,18,AS70,15,10.53413333,2.945333333,24,0,15,0,09.06.16 18:19,14.70805556,161
523,09.06.16,21,AS70,15,9.1568,2.892666667,12,0,15,0,09.06.16 20:35,16.97472222,161
524,09.06.16,21,AS70,15,8.9636,2.714,25,0,15,0,09.06.16 20:50,17.22472222,161
525,09.06.16,20,AS72,15,9.881933333,2.638,30,0,15,0,09.06.16 19:51,16.24138889,161
526,09.06.16,20,AS72,15,9.6324,2.869333333,28,0,15,0,09.06.16 20:06,16.49138889,161
527,12.06.16,19,AS72,15,10.21233333,2.406666667,0,0,15,0,12.06.16 18:52,15.30805556,164
528,12.06.16,19,AS72,15,10.19606667,2.254666667,0,0,15,0,12.06.16 19:07,15.55805556,164
529,12.06.16,19,AS72,15,10.04573333,2.764666667,0,0,15,0,12.06.16 19:22,15.80805556,164
530,01.07.16,19,AS72,15,10.44286667,0,0,0,15,0,01.07.16 19:05,15.43277778,183
531,01.07.16,19,AS72,15,10.41666667,0,0,0,15,0,01.07.16 19:20,15.68277778,183
532,01.07.16,20,AS72,15,10.3888,0,0,0,15,0,01.07.16 19:35,15.93277778,183
533,01.07.16,20,AS72,15,10.32666667,0,0,0,15,0,01.07.16 19:57,16.29944444,183
534,01.07.16,20,AS72,15,10.2532,0,0,0,15,0,01.07.16 20:12,16.54944444,183
535,01.07.16,20,AS72,15,10.05726667,0,0,0,13,2,01.07.16 20:27,16.79944444,183
536,01.07.16,21,AS72,15,9.9194,0,0,0,12,3,01.07.16 20:42,17.04944444,183
537,09.06.16,18,AS76,15,10.46713333,3.149333333,30,0,15,0,09.06.16 18:04,14.45805556,161
538,09.06.16,18,AS76,15,10.53413333,2.945333333,24,0,15,0,09.06.16 18:19,14.70805556,161
539,06.06.16,18,AS80,15,9.578133333,2.28,15,0,15,0,06.06.16 18:06,14.42611111,158
540,06.06.16,18,AS80,15,9.4828,1.976,15,0,14,1,06.06.16 18:21,14.67611111,158
541,09.06.16,20,AS80,15,9.881933333,2.638,30,0,15,0,09.06.16 19:51,16.24138889,161
542,09.06.16,20,AS80,15,9.6324,2.869333333,30,0,15,0,09.06.16 20:06,16.49138889,161
543,12.06.16,19,AS80,15,10.21233333,2.406666667,0,0,13,2,12.06.16 18:52,15.30805556,164
544,12.06.16,19,AS80,15,10.19606667,2.254666667,0,0,15,0,12.06.16 19:07,15.55805556,164
545,12.06.16,19,AS80,15,10.04573333,2.764666667,0,0,15,0,12.06.16 19:22,15.80805556,164
546,01.07.16,19,AS80,15,10.44286667,0,0,0,15,0,01.07.16 19:05,15.43277778,183
547,01.07.16,19,AS80,15,10.41666667,0,0,0,15,0,01.07.16 19:20,15.68277778,183
548,01.07.16,20,AS80,15,10.3888,0,0,0,13,2,01.07.16 19:35,15.93277778,183
549,01.07.16,19,AS81,15,10.44286667,0,0,0,15,0,01.07.16 19:05,15.43277778,183
550,01.07.16,19,AS81,15,10.41666667,0,0,0,13,2,01.07.16 19:20,15.68277778,183
551,01.07.16,20,AS81,15,10.3888,0,0,0,14,1,01.07.16 19:35,15.93277778,183
552,01.07.16,20,AS81,15,10.32666667,0,0,0,15,0,01.07.16 19:57,16.29944444,183
553,01.07.16,20,AS81,15,10.2532,0,0,0,14,1,01.07.16 20:12,16.54944444,183
554,01.07.16,20,AS81,15,10.05726667,0,0,0,14,1,01.07.16 20:27,16.79944444,183
555,01.07.16,21,AS81,15,9.9194,0,0,0,15,0,01.07.16 20:42,17.04944444,183
556,12.06.16,18,AS82,15,10.08006667,2.458,0,0,15,0,12.06.16 17:56,14.37472222,164
557,12.06.16,18,AS82,15,9.9606,2.534666667,0,0,15,0,12.06.16 18:11,14.62472222,164
558,12.06.16,18,AS82,15,10.1144,2.432666667,0,0,15,0,12.06.16 18:26,14.87472222,164
559,01.07.16,20,AS82,15,10.2532,0,0,0,15,0,01.07.16 20:12,16.54944444,183
560,01.07.16,20,AS82,15,10.05726667,0,0,0,15,0,01.07.16 20:27,16.79944444,183
561,01.07.16,21,AS82,15,9.9194,0,0,0,15,0,01.07.16 20:42,17.04944444,183
562,09.06.16,18,AS83,15,10.46713333,3.149333333,30,0,15,0,09.06.16 18:04,14.45805556,161
563,09.06.16,18,AS83,15,10.53413333,2.945333333,24,0,15,0,09.06.16 18:19,14.70805556,161
564,09.06.16,19,AS83,15,10.40193333,2.868666667,30,0,15,0,09.06.16 18:43,15.10805556,161
565,09.06.16,19,AS83,15,10.2844,2.74,30,0,15,0,09.06.16 18:58,15.35805556,161
566,09.06.16,19,AS83,15,10.05213333,2.945333333,30,0,15,0,09.06.16 19:13,15.60805556,161
567,09.06.16,21,AS83,15,9.1568,2.892666667,7,0,15,0,09.06.16 20:35,16.97472222,161
568,09.06.16,21,AS83,15,8.9636,2.714,25,0,15,0,09.06.16 20:50,17.22472222,161
569,12.06.16,18,AS83,15,10.08006667,2.458,0,0,15,0,12.06.16 17:56,14.37472222,164
570,12.06.16,18,AS83,15,9.9606,2.534666667,0,0,15,0,12.06.16 18:11,14.62472222,164
571,12.06.16,18,AS83,15,10.1144,2.432666667,0,0,15,0,12.06.16 18:26,14.87472222,164
572,01.07.16,20,AS84,15,10.2532,0,0,0,15,0,01.07.16 20:12,16.54944444,183
573,01.07.16,20,AS84,15,10.05726667,0,0,0,15,0,01.07.16 20:27,16.79944444,183
574,01.07.16,21,AS84,15,9.9194,0,0,0,13,2,01.07.16 20:42,17.04944444,183
575,08.06.16,21,AS50,15,7.888333333,1.494666667,0,0,15,0,08.06.16 21:16,17.63805556,160
576,08.06.16,22,AS50,15,7.813333333,1.925333333,0,0,15,0,08.06.16 21:31,17.88805556,160
577,08.06.16,21,AS59,15,7.888333333,1.494666667,0,0,15,0,08.06.16 21:16,17.63805556,160
578,08.06.16,22,AS59,15,7.999866667,2.486666667,0,0,15,0,08.06.16 21:31,17.88805556,160
579,08.06.16,21,AS60,15,7.888333333,1.494666667,0,0,15,0,08.06.16 21:16,17.63805556,160
580,08.06.16,22,AS60,15,7.813333333,1.925333333,0,0,15,0,08.06.16 21:31,17.88805556,160
583,08.06.16,14,AS50,15,8.176666667,2.584666667,0,0,15,0,08.06.16 14:18,10.67138889,160
584,15.06.16,12,AS52,15,10.99006667,1.672,30,0,13,2,15.06.16 11:52,8.341388889,167
585,15.06.16,12,AS52,15,11.49933333,1.368666667,23,0,15,0,15.06.16 12:07,8.591388889,167
586,27.06.16,12,AS63,15,12.02206667,2.330666667,19,0,15,0,27.06.16 12:26,8.860833333,179
587,27.06.16,12,AS63,15,12.04966667,2.153333333,10,0,15,0,27.06.16 11:56,8.360833333,179
588,27.06.16,12,AS63,15,11.89773333,2.533333333,19,0,15,0,27.06.16 12:11,8.610833333,179
581,08.06.16,22,AS75,15,7.888333333,1.494666667,0,0,10,5,08.06.16 21:16,17.63805556,160
582,08.06.16,22,AS75,15,7.805,1.976,0,0,1,14,08.06.16 21:32,17.90472222,160
589,24.06.16,18,ASX1,15,13.23433333,0.050666667,15,0,12,3,24.06.16 17:15,13.71638889,176
591,07.06.16,11,AS62,15,8.907466667,2.51,30,0,0,15,07.06.16 10:41,7.032777778,159
592,07.06.16,11,AS62,15,9.3082,2.535333333,30,0,15,0,07.06.16 10:56,7.282777778,159
593,07.06.16,12,AS62,15,9.788133333,2.663333333,30,0,15,0,07.06.16 11:11,7.532777778,159